country_iso_name,name_1,name_2,year,month
Japan,Aichi,Aisai,2023,12
Japan,Aichi,Anjo,2023,12
Japan,Aichi,Chiryu,2023,12
Japan,Aichi,Chita,2023,12
Japan,Aichi,Gamagori,2023,12
Japan,Aichi,Handa,2023,12
Japan,Aichi,Hekinan,2023,12
Japan,Aichi,Higashiura,2023,12
Japan,Aichi,Ichinomiya/Owari-ichinomiya,2023,12
Japan,Aichi,Inazawa,2023,12
Japan,Aichi,Inuyama,2023,12
Japan,Aichi,Isshiki,2023,12
Japan,Aichi,Iwakura,2023,12
Japan,Aichi,Kanie,2023,12
Japan,Aichi,Kariya,2023,12
Japan,Aichi,Kasugai,2023,12
Japan,Aichi,Kitanagoya,2023,12
Japan,Aichi,Kiyosu,2023,12
Japan,Aichi,Komaki,2023,12
Japan,Aichi,Konan,2023,12
Japan,Aichi,Mihama,2023,12
Japan,Aichi,Minamichita,2023,12
Japan,Aichi,Miwa,2023,12
Japan,Aichi,Miyoshi,2023,12
Japan,Aichi,Nagakute,2023,12
Japan,Aichi,Nagoya,2023,12
Japan,Aichi,Nishio,2023,12
Japan,Aichi,Nisshin,2023,12
Japan,Aichi,Obu,2023,12
Japan,Aichi,Okazaki,2023,12
Japan,Aichi,Seto,2023,12
Japan,Aichi,Shinshiro,2023,12
Japan,Aichi,Shitara,2023,12
Japan,Aichi,Tahara,2023,12
Japan,Aichi,Takahama,2023,12
Japan,Aichi,Taketoyo,2023,12
Japan,Aichi,Tokai,2023,12
Japan,Aichi,Tokoname,2023,12
Japan,Aichi,Toyoake,2023,12
Japan,Aichi,Toyohashi,2023,12
Japan,Aichi,Toyokawa,2023,12
Japan,Aichi,Toyone,2023,12
Japan,Aichi,Toyota,2023,12
Japan,Aichi,Tsushima,2023,12
Japan,Aichi,Yatomi,2023,12
Japan,Akita,Akita,2023,12
Japan,Akita,Daisen,2023,12
Japan,Akita,Gojome,2023,12
Japan,Akita,Katagami,2023,12
Japan,Akita,Kazuno,2023,12
Japan,Akita,Kitaakita,2023,12
Japan,Akita,Kosaka,2023,12
Japan,Akita,Nikaho,2023,12
Japan,Akita,Noshiro,2023,12
Japan,Akita,Odate,2023,12
Japan,Akita,Semboku,2023,12
Japan,Akita,Yokote,2023,12
Japan,Akita,Yurihonjo,2023,12
Japan,Akita,Yuzawa,2023,12
Japan,Aomori,Aomori,2023,12
Japan,Aomori,Fujisaki,2023,12
Japan,Aomori,Gonohe,2023,12
Japan,Aomori,Goshogawara,2023,12
Japan,Aomori,Hachinohe,2023,12
Japan,Aomori,Hirakawa,2023,12
Japan,Aomori,Hiranai,2023,12
Japan,Aomori,Hirosaki,2023,12
Japan,Aomori,Inakadate,2023,12
Japan,Aomori,Itayanagi,2023,12
Japan,Aomori,Kuroishi,2023,12
Japan,Aomori,Misawa,2023,12
Japan,Aomori,Mutsu,2023,12
Japan,Aomori,Oma,2023,12
Japan,Aomori,Owani,2023,12
Japan,Aomori,Rokunohe,2023,12
Japan,Aomori,Towada,2023,12
Japan,Aomori,Tsugaru,2023,12
Japan,Aomori,Tsuruta,2023,12
Japan,Aomori,Yokohama,2023,12
Japan,Chiba,Abiko,2023,12
Japan,Chiba,Asahi,2023,12
Japan,Chiba,Chiba,2023,12
Japan,Chiba,Chonan,2023,12
Japan,Chiba,Choshi,2023,12
Japan,Chiba,Funabashi,2023,12
Japan,Chiba,Futtsu,2023,12
Japan,Chiba,Ichihara,2023,12
Japan,Chiba,Ichinomiya,2023,12
Japan,Chiba,Inba,2023,12
Japan,Chiba,Inzai,2023,12
Japan,Chiba,Isumi,2023,12
Japan,Chiba,Kamagaya,2023,12
Japan,Chiba,Kamogawa,2023,12
Japan,Chiba,Kashiwa,2023,12
Japan,Chiba,Katori,2023,12
Japan,Chiba,Katsuura,2023,12
Japan,Chiba,Kimitsu,2023,12
Japan,Chiba,Kisarazu,2023,12
Japan,Chiba,Kozaki,2023,12
Japan,Chiba,Matsudo,2023,12
Japan,Chiba,Minamiboso,2023,12
Japan,Chiba,Mobara,2023,12
Japan,Chiba,Nagareyama,2023,12
Japan,Chiba,Narashino,2023,12
Japan,Chiba,Narita,2023,12
Japan,Chiba,Noda,2023,12
Japan,Chiba,Oamishirasato,2023,12
Japan,Chiba,Onjuku,2023,12
Japan,Chiba,Otaki,2023,12
Japan,Chiba,Sakura,2023,12
Japan,Chiba,Sanmu,2023,12
Japan,Chiba,Shibayama,2023,12
Japan,Chiba,Shiroi,2023,12
Japan,Chiba,Shisui,2023,12
Japan,Chiba,Sodegaura,2023,12
Japan,Chiba,Sosa,2023,12
Japan,Chiba,Tako,2023,12
Japan,Chiba,Tateyama,2023,12
Japan,Chiba,Togane,2023,12
Japan,Chiba,Yachimata,2023,12
Japan,Chiba,Yachiyo,2023,12
Japan,Chiba,Yokoshibahikari,2023,12
Japan,Chiba,Yotsukaido,2023,12
Japan,Ehime,Ikata,2023,12
Japan,Ehime,Imabari,2023,12
Japan,Ehime,Iyo,2023,12
Japan,Ehime,Masaki,2023,12
Japan,Ehime,Matsuyama,2023,12
Japan,Ehime,Niihama,2023,12
Japan,Ehime,Ozu,2023,12
Japan,Ehime,Saijo,2023,12
Japan,Ehime,Seiyo,2023,12
Japan,Ehime,Shikokuchuo,2023,12
Japan,Ehime,Toon,2023,12
Japan,Ehime,Uwajima,2023,12
Japan,Ehime,Yawatahama,2023,12
Japan,Fukui,Awara,2023,12
Japan,Fukui,Echizen,2023,12
Japan,Fukui,Echizen City,2023,12
Japan,Fukui,Fukui,2023,12
Japan,Fukui,Ikeda,2023,12
Japan,Fukui,Katsuyama,2023,12
Japan,Fukui,Obama,2023,12
Japan,Fukui,Ono,2023,12
Japan,Fukui,Sabae,2023,12
Japan,Fukui,Sakai City,2023,12
Japan,Fukui,Takahama,2023,12
Japan,Fukui,Tsuruga,2023,12
Japan,Fukuoka,Asakura,2023,12
Japan,Fukuoka,Ashiya,2023,12
Japan,Fukuoka,Chikugo,2023,12
Japan,Fukuoka,Chikujo,2023,12
Japan,Fukuoka,Chikushino,2023,12
Japan,Fukuoka,Chikuzen,2023,12
Japan,Fukuoka,Dazaifu,2023,12
Japan,Fukuoka,Fukuoka,2023,12
Japan,Fukuoka,Fukutsu,2023,12
Japan,Fukuoka,Iizuka,2023,12
Japan,Fukuoka,Kama,2023,12
Japan,Fukuoka,Kanda,2023,12
Japan,Fukuoka,Kasuga,2023,12
Japan,Fukuoka,Kawara,2023,12
Japan,Fukuoka,Kawasaki,2023,12
Japan,Fukuoka,Kitakyushu,2023,12
Japan,Fukuoka,Koga,2023,12
Japan,Fukuoka,Koge,2023,12
Japan,Fukuoka,Kurume,2023,12
Japan,Fukuoka,Maebaru,2023,12
Japan,Fukuoka,Miyama,2023,12
Japan,Fukuoka,Miyawaka,2023,12
Japan,Fukuoka,Munakata,2023,12
Japan,Fukuoka,Nakama,2023,12
Japan,Fukuoka,Nogata,2023,12
Japan,Fukuoka,Ogori,2023,12
Japan,Fukuoka,Okawa,2023,12
Japan,Fukuoka,Omuta,2023,12
Japan,Fukuoka,Onojo,2023,12
Japan,Fukuoka,Sasaguri,2023,12
Japan,Fukuoka,Shingu,2023,12
Japan,Fukuoka,Soeda,2023,12
Japan,Fukuoka,Sue,2023,12
Japan,Fukuoka,Tagawa,2023,12
Japan,Fukuoka,Ukiha,2023,12
Japan,Fukuoka,Umi,2023,12
Japan,Fukuoka,Yame,2023,12
Japan,Fukuoka,Yanagawa,2023,12
Japan,Fukuoka,Yukuhashi,2023,12
Japan,Fukushima,Aizuwakamatsu,2023,12
Japan,Fukushima,Date,2023,12
Japan,Fukushima,Fukushima,2023,12
Japan,Fukushima,Hinoemata,2023,12
Japan,Fukushima,Hirata,2023,12
Japan,Fukushima,Inawashiro,2023,12
Japan,Fukushima,Ishikawa,2023,12
Japan,Fukushima,Iwaki,2023,12
Japan,Fukushima,Kitakata,2023,12
Japan,Fukushima,Kori,2023,12
Japan,Fukushima,Koriyama,2023,12
Japan,Fukushima,Miharu,2023,12
Japan,Fukushima,Minamisoma,2023,12
Japan,Fukushima,Motomiya,2023,12
Japan,Fukushima,Namie,2023,12
Japan,Fukushima,Nihonmatsu,2023,12
Japan,Fukushima,Shirakawa,2023,12
Japan,Fukushima,Soma,2023,12
Japan,Fukushima,Sukagawa,2023,12
Japan,Fukushima,Tamura,2023,12
Japan,Fukushima,Tanagura,2023,12
Japan,Fukushima,Tomioka,2023,12
Japan,Fukushima,Yabuki,2023,12
Japan,Fukushima,Yanaizu,2023,12
Japan,Gifu,Anpachi,2023,12
Japan,Gifu,Ena,2023,12
Japan,Gifu,Gero,2023,12
Japan,Gifu,Gifu,2023,12
Japan,Gifu,Godo,2023,12
Japan,Gifu,Gujo,2023,12
Japan,Gifu,Hashima,2023,12
Japan,Gifu,Hichiso,2023,12
Japan,Gifu,Hida,2023,12
Japan,Gifu,Kaizu,2023,12
Japan,Gifu,Kakamigahara,2023,12
Japan,Gifu,Kani,2023,12
Japan,Gifu,Mino,2023,12
Japan,Gifu,Minokamo,2023,12
Japan,Gifu,Mitake,2023,12
Japan,Gifu,Mizuho,2023,12
Japan,Gifu,Mizunami,2023,12
Japan,Gifu,Motosu,2023,12
Japan,Gifu,Nakatsugawa,2023,12
Japan,Gifu,Ogaki,2023,12
Japan,Gifu,Seki,2023,12
Japan,Gifu,Shirakawa,2023,12
Japan,Gifu,Tajimi,2023,12
Japan,Gifu,Takayama,2023,12
Japan,Gifu,Tarui,2023,12
Japan,Gifu,Toki,2023,12
Japan,Gifu,Yamagata,2023,12
Japan,Gifu,Yaotsu,2023,12
Japan,Gifu,Yoro,2023,12
Japan,Gunma,Annaka,2023,12
Japan,Gunma,Fujioka,2023,12
Japan,Gunma,Isesaki,2023,12
Japan,Gunma,Katashina,2023,12
Japan,Gunma,Kiryu,2023,12
Japan,Gunma,Kusatsu,2023,12
Japan,Gunma,Maebashi,2023,12
Japan,Gunma,Midori,2023,12
Japan,Gunma,Naganohara,2023,12
Japan,Gunma,Nakanojo,2023,12
Japan,Gunma,Numata,2023,12
Japan,Gunma,Ota,2023,12
Japan,Gunma,Shibukawa,2023,12
Japan,Gunma,Shimonita,2023,12
Japan,Gunma,Takasaki,2023,12
Japan,Gunma,Tamamura,2023,12
Japan,Gunma,Tatebayashi,2023,12
Japan,Gunma,Tomioka,2023,12
Japan,Gunma,Yoshii,2023,12
Japan,Gunma,Yoshioka,2023,12
Japan,Hiroshima,Akitakata,2023,12
Japan,Hiroshima,Etajima,2023,12
Japan,Hiroshima,Fuchu City,2023,12
Japan,Hiroshima,Fukuyama,2023,12
Japan,Hiroshima,Hatsukaichi,2023,12
Japan,Hiroshima,Higashihiroshima,2023,12
Japan,Hiroshima,Hiroshima,2023,12
Japan,Hiroshima,Kure,2023,12
Japan,Hiroshima,Mihara,2023,12
Japan,Hiroshima,Miyoshi,2023,12
Japan,Hiroshima,Onomichi,2023,12
Japan,Hiroshima,Saka,2023,12
Japan,Hiroshima,Shobara,2023,12
Japan,Hiroshima,Takehara,2023,12
Japan,Hokkaido,Abashiri,2023,12
Japan,Hokkaido,Abira,2023,12
Japan,Hokkaido,Aibetsu,2023,12
Japan,Hokkaido,Akabira,2023,12
Japan,Hokkaido,Akkeshi,2023,12
Japan,Hokkaido,Asahikawa,2023,12
Japan,Hokkaido,Ashibetsu,2023,12
Japan,Hokkaido,Bibai,2023,12
Japan,Hokkaido,Biei,2023,12
Japan,Hokkaido,Bihoro,2023,12
Japan,Hokkaido,Biratori,2023,12
Japan,Hokkaido,Chippubetsu,2023,12
Japan,Hokkaido,Chitose,2023,12
Japan,Hokkaido,Date,2023,12
Japan,Hokkaido,Ebetsu,2023,12
Japan,Hokkaido,Eniwa,2023,12
Japan,Hokkaido,Esashi,2023,12
Japan,Hokkaido,Fukagawa,2023,12
Japan,Hokkaido,Fukushima,2023,12
Japan,Hokkaido,Furano,2023,12
Japan,Hokkaido,Haboro,2023,12
Japan,Hokkaido,Hakodate,2023,12
Japan,Hokkaido,Hiroo,2023,12
Japan,Hokkaido,Hokuto,2023,12
Japan,Hokkaido,Honbetsu,2023,12
Japan,Hokkaido,Horonobe,2023,12
Japan,Hokkaido,Ikeda,2023,12
Japan,Hokkaido,Ishikari,2023,12
Japan,Hokkaido,Iwamizawa,2023,12
Japan,Hokkaido,Iwanai,2023,12
Japan,Hokkaido,Kamikawa,2023,12
Japan,Hokkaido,Kaminokuni,2023,12
Japan,Hokkaido,Kamishihoro,2023,12
Japan,Hokkaido,Kikonai,2023,12
Japan,Hokkaido,Kimobetsu,2023,12
Japan,Hokkaido,Kitahiroshima,2023,12
Japan,Hokkaido,Kitami,2023,12
Japan,Hokkaido,Kuromatsunai,2023,12
Japan,Hokkaido,Kushiro City,2023,12
Japan,Hokkaido,Kutchan,2023,12
Japan,Hokkaido,Mikasa,2023,12
Japan,Hokkaido,Monbetsu,2023,12
Japan,Hokkaido,Muroran,2023,12
Japan,Hokkaido,Naie,2023,12
Japan,Hokkaido,Nakagawa,2023,12
Japan,Hokkaido,Nakashibetsu,2023,12
Japan,Hokkaido,Nanae,2023,12
Japan,Hokkaido,Nayoro,2023,12
Japan,Hokkaido,Nemuro,2023,12
Japan,Hokkaido,Niikappu,2023,12
Japan,Hokkaido,Niseko,2023,12
Japan,Hokkaido,Noboribetsu,2023,12
Japan,Hokkaido,Numata,2023,12
Japan,Hokkaido,Obihiro,2023,12
Japan,Hokkaido,Oketo,2023,12
Japan,Hokkaido,Okoppe,2023,12
Japan,Hokkaido,Oshamanbe,2023,12
Japan,Hokkaido,Otaru,2023,12
Japan,Hokkaido,Otobe,2023,12
Japan,Hokkaido,Otofuke,2023,12
Japan,Hokkaido,Otoineppu,2023,12
Japan,Hokkaido,Ozora,2023,12
Japan,Hokkaido,Pippu,2023,12
Japan,Hokkaido,Rankoshi,2023,12
Japan,Hokkaido,Rausu,2023,12
Japan,Hokkaido,Rishiri,2023,12
Japan,Hokkaido,Rishirifuji,2023,12
Japan,Hokkaido,Rumoi,2023,12
Japan,Hokkaido,Rusutsu,2023,12
Japan,Hokkaido,Samani,2023,12
Japan,Hokkaido,Sapporo,2023,12
Japan,Hokkaido,Sarabetsu,2023,12
Japan,Hokkaido,Shari,2023,12
Japan,Hokkaido,Shibetsu,2023,12
Japan,Hokkaido,Shibetsu City,2023,12
Japan,Hokkaido,Shikabe,2023,12
Japan,Hokkaido,Shimizu,2023,12
Japan,Hokkaido,Shimokawa,2023,12
Japan,Hokkaido,Shimukappu,2023,12
Japan,Hokkaido,Shinhidaka,2023,12
Japan,Hokkaido,Shintoku,2023,12
Japan,Hokkaido,Shiranuka,2023,12
Japan,Hokkaido,Shiraoi,2023,12
Japan,Hokkaido,Shosanbetsu,2023,12
Japan,Hokkaido,Sobetsu,2023,12
Japan,Hokkaido,Sunagawa,2023,12
Japan,Hokkaido,Suttsu,2023,12
Japan,Hokkaido,Takikawa,2023,12
Japan,Hokkaido,Teshikaga,2023,12
Japan,Hokkaido,Tobetsu,2023,12
Japan,Hokkaido,Tomakomai,2023,12
Japan,Hokkaido,Toyokoro,2023,12
Japan,Hokkaido,Toyotomi,2023,12
Japan,Hokkaido,Toyoura,2023,12
Japan,Hokkaido,Tsubetsu,2023,12
Japan,Hokkaido,Tsukigata,2023,12
Japan,Hokkaido,Urahoro,2023,12
Japan,Hokkaido,Urakawa,2023,12
Japan,Hokkaido,Wakkanai,2023,12
Japan,Hokkaido,Yoichi,2023,12
Japan,Hokkaido,Yubari,2023,12
Japan,Hyogo,Aioi,2023,12
Japan,Hyogo,Akashi,2023,12
Japan,Hyogo,Ako,2023,12
Japan,Hyogo,Amagasaki,2023,12
Japan,Hyogo,Asago,2023,12
Japan,Hyogo,Ashiya,2023,12
Japan,Hyogo,Awaji,2023,12
Japan,Hyogo,Himeji,2023,12
Japan,Hyogo,Ichikawa,2023,12
Japan,Hyogo,Itami,2023,12
Japan,Hyogo,Kakogawa,2023,12
Japan,Hyogo,Kamigori,2023,12
Japan,Hyogo,Kamikawa,2023,12
Japan,Hyogo,Kasai,2023,12
Japan,Hyogo,Kato,2023,12
Japan,Hyogo,Kawanishi,2023,12
Japan,Hyogo,Kobe,2023,12
Japan,Hyogo,Miki,2023,12
Japan,Hyogo,Minamiawaji,2023,12
Japan,Hyogo,Nishinomiya,2023,12
Japan,Hyogo,Nishiwaki,2023,12
Japan,Hyogo,Ono,2023,12
Japan,Hyogo,Sanda,2023,12
Japan,Hyogo,Sasayama,2023,12
Japan,Hyogo,Shiso,2023,12
Japan,Hyogo,Sumoto,2023,12
Japan,Hyogo,Takarazuka,2023,12
Japan,Hyogo,Takasago,2023,12
Japan,Hyogo,Tamba,2023,12
Japan,Hyogo,Tatsuno,2023,12
Japan,Hyogo,Toyooka,2023,12
Japan,Hyogo,Yabu,2023,12
Japan,Ibaraki,Ami,2023,12
Japan,Ibaraki,Bando,2023,12
Japan,Ibaraki,Chikusei,2023,12
Japan,Ibaraki,Daigo,2023,12
Japan,Ibaraki,Hitachi,2023,12
Japan,Ibaraki,Hitachinaka,2023,12
Japan,Ibaraki,Hitachiomiya,2023,12
Japan,Ibaraki,Hitachiota,2023,12
Japan,Ibaraki,Hokota,2023,12
Japan,Ibaraki,Ibaraki,2023,12
Japan,Ibaraki,Inashiki,2023,12
Japan,Ibaraki,Ishioka,2023,12
Japan,Ibaraki,Itako,2023,12
Japan,Ibaraki,Joso,2023,12
Japan,Ibaraki,Kamisu,2023,12
Japan,Ibaraki,Kasama,2023,12
Japan,Ibaraki,Kashima,2023,12
Japan,Ibaraki,Kasumigaura,2023,12
Japan,Ibaraki,Kitaibaraki,2023,12
Japan,Ibaraki,Koga,2023,12
Japan,Ibaraki,Mito,2023,12
Japan,Ibaraki,Moriya,2023,12
Japan,Ibaraki,Namegata,2023,12
Japan,Ibaraki,Oarai,2023,12
Japan,Ibaraki,Omitama,2023,12
Japan,Ibaraki,Ryugasaki,2023,12
Japan,Ibaraki,Sakai,2023,12
Japan,Ibaraki,Sakuragawa,2023,12
Japan,Ibaraki,Shimotsuma,2023,12
Japan,Ibaraki,Takahagi,2023,12
Japan,Ibaraki,Tokai,2023,12
Japan,Ibaraki,Toride,2023,12
Japan,Ibaraki,Tsuchiura,2023,12
Japan,Ibaraki,Tsukuba,2023,12
Japan,Ibaraki,Tsukubamirai,2023,12
Japan,Ibaraki,Ushiku,2023,12
Japan,Ibaraki,Yuki,2023,12
Japan,Ishikawa,Anamizu,2023,12
Japan,Ishikawa,Hakui,2023,12
Japan,Ishikawa,Hakusan,2023,12
Japan,Ishikawa,Kaga,2023,12
Japan,Ishikawa,Kahoku,2023,12
Japan,Ishikawa,Kanazawa,2023,12
Japan,Ishikawa,Komatsu,2023,12
Japan,Ishikawa,Nanao,2023,12
Japan,Ishikawa,Nomi,2023,12
Japan,Ishikawa,Nonoichi,2023,12
Japan,Ishikawa,Noto,2023,12
Japan,Ishikawa,Suzu,2023,12
Japan,Ishikawa,Tsubata,2023,12
Japan,Iwate,Hachimantai,2023,12
Japan,Iwate,Hanamaki,2023,12
Japan,Iwate,Ichinohe,2023,12
Japan,Iwate,Ichinoseki,2023,12
Japan,Iwate,Iwate,2023,12
Japan,Iwate,Iwazumi,2023,12
Japan,Iwate,Kamaishi,2023,12
Japan,Iwate,Kanegasaki,2023,12
Japan,Iwate,Kitakami,2023,12
Japan,Iwate,Kuji,2023,12
Japan,Iwate,Kuzumaki,2023,12
Japan,Iwate,Miyako,2023,12
Japan,Iwate,Morioka,2023,12
Japan,Iwate,Ninohe,2023,12
Japan,Iwate,Ofunato,2023,12
Japan,Iwate,Oshu,2023,12
Japan,Iwate,Otsuchi,2023,12
Japan,Iwate,Rikuzentakata,2023,12
Japan,Iwate,Shizukuishi,2023,12
Japan,Iwate,Takizawa,2023,12
Japan,Iwate,Tono,2023,12
Japan,Iwate,Yamada,2023,12
Japan,Kagawa,Higashikagawa,2023,12
Japan,Kagawa,Kan'onji,2023,12
Japan,Kagawa,Marugame,2023,12
Japan,Kagawa,Mitoyo,2023,12
Japan,Kagawa,Sakaide,2023,12
Japan,Kagawa,Sanuki,2023,12
Japan,Kagawa,Tadotsu,2023,12
Japan,Kagawa,Takamatsu,2023,12
Japan,Kagawa,Zentsuji,2023,12
Japan,Kagoshima,Akune,2023,12
Japan,Kagoshima,Amagi,2023,12
Japan,Kagoshima,Amami,2023,12
Japan,Kagoshima,China,2023,12
Japan,Kagoshima,Hioki,2023,12
Japan,Kagoshima,Ibusuki,2023,12
Japan,Kagoshima,Ichikikushikino,2023,12
Japan,Kagoshima,Isen,2023,12
Japan,Kagoshima,Izumi,2023,12
Japan,Kagoshima,Kagoshima,2023,12
Japan,Kagoshima,Kajiki,2023,12
Japan,Kagoshima,Kamo,2023,12
Japan,Kagoshima,Kanoya,2023,12
Japan,Kagoshima,Kirishima,2023,12
Japan,Kagoshima,Makurazaki,2023,12
Japan,Kagoshima,Minamikyushu,2023,12
Japan,Kagoshima,Minamisatsuma,2023,12
Japan,Kagoshima,Nishinoomote,2023,12
Japan,Kagoshima,Okuchi,2023,12
Japan,Kagoshima,Osaki,2023,12
Japan,Kagoshima,Satsuma,2023,12
Japan,Kagoshima,Satsumasendai,2023,12
Japan,Kagoshima,Shibushi,2023,12
Japan,Kagoshima,Soo,2023,12
Japan,Kagoshima,Tarumizu,2023,12
Japan,Kagoshima,Tatsugo,2023,12
Japan,Kagoshima,Uken,2023,12
Japan,Kagoshima,Wadomari,2023,12
Japan,Kagoshima,Yakushima,2023,12
Japan,Kagoshima,Yusui,2023,12
Japan,Kanagawa,Atsugi,2023,12
Japan,Kanagawa,Ayase,2023,12
Japan,Kanagawa,Chigasaki,2023,12
Japan,Kanagawa,Ebina,2023,12
Japan,Kanagawa,Fujisawa,2023,12
Japan,Kanagawa,Hadano,2023,12
Japan,Kanagawa,Hakone,2023,12
Japan,Kanagawa,Hayama,2023,12
Japan,Kanagawa,Hiratsuka,2023,12
Japan,Kanagawa,Isehara,2023,12
Japan,Kanagawa,Kamakura,2023,12
Japan,Kanagawa,Kawasaki,2023,12
Japan,Kanagawa,Kiyokawa,2023,12
Japan,Kanagawa,Manazuru,2023,12
Japan,Kanagawa,Minamiashigara,2023,12
Japan,Kanagawa,Miura,2023,12
Japan,Kanagawa,Ninomiya,2023,12
Japan,Kanagawa,Odawara,2023,12
Japan,Kanagawa,Oiso,2023,12
Japan,Kanagawa,Sagamihara,2023,12
Japan,Kanagawa,Samukawa,2023,12
Japan,Kanagawa,Yamakita,2023,12
Japan,Kanagawa,Yamato,2023,12
Japan,Kanagawa,Yokohama,2023,12
Japan,Kanagawa,Yokosuka,2023,12
Japan,Kanagawa,Yugawara,2023,12
Japan,Kanagawa,Zama,2023,12
Japan,Kanagawa,Zushi,2023,12
Japan,Kochi,Aki,2023,12
Japan,Kochi,Haruno,2023,12
Japan,Kochi,Ino,2023,12
Japan,Kochi,Kami,2023,12
Japan,Kochi,Kochi,2023,12
Japan,Kochi,Konan,2023,12
Japan,Kochi,Motoyama,2023,12
Japan,Kochi,Muroto,2023,12
Japan,Kochi,Nahari,2023,12
Japan,Kochi,Nankoku,2023,12
Japan,Kochi,Ochi,2023,12
Japan,Kochi,Sakawa,2023,12
Japan,Kochi,Shimanto City,2023,12
Japan,Kochi,Sukumo,2023,12
Japan,Kochi,Susaki,2023,12
Japan,Kochi,Tosashimizu,2023,12
Japan,Kumamoto,Amakusa,2023,12
Japan,Kumamoto,Aso,2023,12
Japan,Kumamoto,Hitoyoshi,2023,12
Japan,Kumamoto,Kami-Amakusa,2023,12
Japan,Kumamoto,Kikuchi,2023,12
Japan,Kumamoto,Kikuyo,2023,12
Japan,Kumamoto,Koshi,2023,12
Japan,Kumamoto,Kumamoto,2023,12
Japan,Kumamoto,Mifune,2023,12
Japan,Kumamoto,Minamata,2023,12
Japan,Kumamoto,Misato,2023,12
Japan,Kumamoto,Nagasu,2023,12
Japan,Kumamoto,Takamori,2023,12
Japan,Kumamoto,Tamana,2023,12
Japan,Kumamoto,Taragi,2023,12
Japan,Kumamoto,Tsunagi,2023,12
Japan,Kumamoto,Ueki,2023,12
Japan,Kumamoto,Uki,2023,12
Japan,Kumamoto,Unknown6,2023,12
Japan,Kumamoto,Uto,2023,12
Japan,Kumamoto,Yamae,2023,12
Japan,Kumamoto,Yamaga,2023,12
Japan,Kumamoto,Yatsushiro,2023,12
Japan,Kyoto,Ayabe,2023,12
Japan,Kyoto,Fukuchiyama,2023,12
Japan,Kyoto,Ide,2023,12
Japan,Kyoto,Ine,2023,12
Japan,Kyoto,Joyo,2023,12
Japan,Kyoto,Kameoka,2023,12
Japan,Kyoto,Kasagi,2023,12
Japan,Kyoto,Kizugawa,2023,12
Japan,Kyoto,Kyotanabe,2023,12
Japan,Kyoto,Kyotango,2023,12
Japan,Kyoto,Kyoto,2023,12
Japan,Kyoto,Maizuru,2023,12
Japan,Kyoto,Miyazu,2023,12
Japan,Kyoto,Nagaokakyo,2023,12
Japan,Kyoto,Nantan,2023,12
Japan,Kyoto,Seika,2023,12
Japan,Kyoto,Ujitawara,2023,12
Japan,Kyoto,Yawata,2023,12
Japan,Mie,Iga,2023,12
Japan,Mie,Inabe,2023,12
Japan,Mie,Ise,2023,12
Japan,Mie,Kameyama,2023,12
Japan,Mie,Kihoku,2023,12
Japan,Mie,Kumano,2023,12
Japan,Mie,Kuwana,2023,12
Japan,Mie,Matsusaka,2023,12
Japan,Mie,Minamiise,2023,12
Japan,Mie,Nabari,2023,12
Japan,Mie,Owase,2023,12
Japan,Mie,Shima,2023,12
Japan,Mie,Suzuka,2023,12
Japan,Mie,Toba,2023,12
Japan,Mie,Tsu,2023,12
Japan,Mie,Yokkaichi,2023,12
Japan,Miyagi,Higashimatsushima,2023,12
Japan,Miyagi,Ishinomaki,2023,12
Japan,Miyagi,Iwanuma,2023,12
Japan,Miyagi,Kakuda,2023,12
Japan,Miyagi,Kawasaki,2023,12
Japan,Miyagi,Kesennuma,2023,12
Japan,Miyagi,Kurihara,2023,12
Japan,Miyagi,Matsushima,2023,12
Japan,Miyagi,Misato,2023,12
Japan,Miyagi,Murata,2023,12
Japan,Miyagi,Natori,2023,12
Japan,Miyagi,Ogawara,2023,12
Japan,Miyagi,Ohira,2023,12
Japan,Miyagi,Onagawa,2023,12
Japan,Miyagi,Osaki,2023,12
Japan,Miyagi,Rifu,2023,12
Japan,Miyagi,Sendai,2023,12
Japan,Miyagi,Shiogama,2023,12
Japan,Miyagi,Shiroishi,2023,12
Japan,Miyagi,Tagajo,2023,12
Japan,Miyagi,Tome,2023,12
Japan,Miyagi,Tomiya,2023,12
Japan,Miyagi,Wakuya,2023,12
Japan,Miyagi,Watari,2023,12
Japan,Miyazaki,Aya,2023,12
Japan,Miyazaki,Ebino,2023,12
Japan,Miyazaki,Hinokage,2023,12
Japan,Miyazaki,Hyuga,2023,12
Japan,Miyazaki,Kadogawa,2023,12
Japan,Miyazaki,Kawaminami,2023,12
Japan,Miyazaki,Kobayashi,2023,12
Japan,Miyazaki,Kushima,2023,12
Japan,Miyazaki,Miyakonojo,2023,12
Japan,Miyazaki,Miyazaki,2023,12
Japan,Miyazaki,Nichinan,2023,12
Japan,Miyazaki,Nobeoka,2023,12
Japan,Miyazaki,Saito,2023,12
Japan,Miyazaki,Takanabe,2023,12
Japan,Miyazaki,Tsuno,2023,12
Japan,Nagano,Azumino,2023,12
Japan,Nagano,Chikuma,2023,12
Japan,Nagano,Chino,2023,12
Japan,Nagano,Fujimi,2023,12
Japan,Nagano,Hakuba,2023,12
Japan,Nagano,Iida,2023,12
Japan,Nagano,Iijima,2023,12
Japan,Nagano,Iiyama,2023,12
Japan,Nagano,Ikeda,2023,12
Japan,Nagano,Ina,2023,12
Japan,Nagano,Komagane,2023,12
Japan,Nagano,Komoro,2023,12
Japan,Nagano,Matsumoto,2023,12
Japan,Nagano,Miyada,2023,12
Japan,Nagano,Miyota,2023,12
Japan,Nagano,Nagano,2023,12
Japan,Nagano,Nagawa,2023,12
Japan,Nagano,Nagiso,2023,12
Japan,Nagano,Nakano,2023,12
Japan,Nagano,Okaya,2023,12
Japan,Nagano,Omachi,2023,12
Japan,Nagano,Omi,2023,12
Japan,Nagano,Otaki,2023,12
Japan,Nagano,Sakaki,2023,12
Japan,Nagano,Saku,2023,12
Japan,Nagano,Shimosuwa,2023,12
Japan,Nagano,Shiojiri,2023,12
Japan,Nagano,Suwa,2023,12
Japan,Nagano,Suzaka,2023,12
Japan,Nagano,Tatsuno,2023,12
Japan,Nagano,Tomi,2023,12
Japan,Nagano,Ueda,2023,12
Japan,Naoasaki,Goto,2023,12
Japan,Naoasaki,Hirado,2023,12
Japan,Naoasaki,Iki,2023,12
Japan,Naoasaki,Isahaya,2023,12
Japan,Naoasaki,Matsuura,2023,12
Japan,Naoasaki,Minamishimabara,2023,12
Japan,Naoasaki,Nagasaki,2023,12
Japan,Naoasaki,Nagayo,2023,12
Japan,Naoasaki,Ojika,2023,12
Japan,Naoasaki,Omura,2023,12
Japan,Naoasaki,Saikai,2023,12
Japan,Naoasaki,Sasebo,2023,12
Japan,Naoasaki,Shimabara,2023,12
Japan,Naoasaki,Togitsu,2023,12
Japan,Naoasaki,Tsushima,2023,12
Japan,Naoasaki,Unzen,2023,12
Japan,Nara,Ando,2023,12
Japan,Nara,Asuka,2023,12
Japan,Nara,Gojo,2023,12
Japan,Nara,Gose,2023,12
Japan,Nara,Ikaruga,2023,12
Japan,Nara,Ikoma,2023,12
Japan,Nara,Kashiba,2023,12
Japan,Nara,Kashihara,2023,12
Japan,Nara,Katsuragi,2023,12
Japan,Nara,Nara,2023,12
Japan,Nara,Sakurai,2023,12
Japan,Nara,Shimoichi,2023,12
Japan,Nara,Tawaramoto,2023,12
Japan,Nara,Tenri,2023,12
Japan,Nara,Uda,2023,12
Japan,Nara,Yamatotakada,2023,12
Japan,Nara,Yoshino,2023,12
Japan,Niigata,Agano,2023,12
Japan,Niigata,Gosen,2023,12
Japan,Niigata,Itoigawa,2023,12
Japan,Niigata,Joetsu,2023,12
Japan,Niigata,Kamo,2023,12
Japan,Niigata,Kariwa,2023,12
Japan,Niigata,Kashiwazaki,2023,12
Japan,Niigata,Minamiuonuma,2023,12
Japan,Niigata,Mitsuke,2023,12
Japan,Niigata,Murakami,2023,12
Japan,Niigata,Myoko,2023,12
Japan,Niigata,Nagaoka,2023,12
Japan,Niigata,Niigata,2023,12
Japan,Niigata,Ojiya,2023,12
Japan,Niigata,Sado,2023,12
Japan,Niigata,Sanjo,2023,12
Japan,Niigata,Seiro,2023,12
Japan,Niigata,Shibata,2023,12
Japan,Niigata,Tagami,2023,12
Japan,Niigata,Tainai,2023,12
Japan,Niigata,Tokamachi,2023,12
Japan,Niigata,Tsubame,2023,12
Japan,Niigata,Uonuma,2023,12
Japan,Niigata,Yuzawa,2023,12
Japan,Oita,Beppu,2023,12
Japan,Oita,Bungo-ono,2023,12
Japan,Oita,Bungotakada,2023,12
Japan,Oita,Hiji,2023,12
Japan,Oita,Hita,2023,12
Japan,Oita,Kitsuki,2023,12
Japan,Oita,Kunisaki,2023,12
Japan,Oita,Kusu,2023,12
Japan,Oita,Nakatsu,2023,12
Japan,Oita,Oita,2023,12
Japan,Oita,Saiki,2023,12
Japan,Oita,Taketa,2023,12
Japan,Oita,Usa,2023,12
Japan,Oita,Usuki,2023,12
Japan,Oita,Yufu,2023,12
Japan,Okayama,Akaiwa,2023,12
Japan,Okayama,Asakuchi,2023,12
Japan,Okayama,Bizen,2023,12
Japan,Okayama,Hayashima,2023,12
Japan,Okayama,Ibara,2023,12
Japan,Okayama,Kasaoka,2023,12
Japan,Okayama,Kurashiki,2023,12
Japan,Okayama,Maniwa,2023,12
Japan,Okayama,Mimasaka,2023,12
Japan,Okayama,Misaki,2023,12
Japan,Okayama,Nagi,2023,12
Japan,Okayama,Naoshima,2023,12
Japan,Okayama,Niimi,2023,12
Japan,Okayama,Nishiawakura,2023,12
Japan,Okayama,Okayama,2023,12
Japan,Okayama,Setouchi,2023,12
Japan,Okayama,Shinjo,2023,12
Japan,Okayama,Soja,2023,12
Japan,Okayama,Takahashi,2023,12
Japan,Okayama,Tamano,2023,12
Japan,Okayama,Tonosho,2023,12
Japan,Okayama,Tsuyama,2023,12
Japan,Okayama,Wake,2023,12
Japan,Okayama,Yakage,2023,12
Japan,Okinawa,Chatan,2023,12
Japan,Okinawa,Ginowan,2023,12
Japan,Okinawa,Ginoza,2023,12
Japan,Okinawa,Higashi,2023,12
Japan,Okinawa,Iheya,2023,12
Japan,Okinawa,Ishigaki,2023,12
Japan,Okinawa,Itoman,2023,12
Japan,Okinawa,Kadena,2023,12
Japan,Okinawa,Kin,2023,12
Japan,Okinawa,Kunigami,2023,12
Japan,Okinawa,Miyakojima,2023,12
Japan,Okinawa,Motobu,2023,12
Japan,Okinawa,Nago,2023,12
Japan,Okinawa,Naha,2023,12
Japan,Okinawa,Nanjo,2023,12
Japan,Okinawa,Okinawa,2023,12
Japan,Okinawa,Onna,2023,12
Japan,Okinawa,Urasoe,2023,12
Japan,Okinawa,Uruma,2023,12
Japan,Okinawa,Yomitan,2023,12
Japan,Okinawa,Yonabaru,2023,12
Japan,Okinawa,Zamami,2023,12
Japan,Osaka,Daito,2023,12
Japan,Osaka,Fujiidera,2023,12
Japan,Osaka,Habikino,2023,12
Japan,Osaka,Hannan,2023,12
Japan,Osaka,Higashiosaka,2023,12
Japan,Osaka,Hirakata,2023,12
Japan,Osaka,Ibaraki,2023,12
Japan,Osaka,Ikeda,2023,12
Japan,Osaka,Izumi,2023,12
Japan,Osaka,Izumiotsu,2023,12
Japan,Osaka,Izumisano,2023,12
Japan,Osaka,Kaizuka,2023,12
Japan,Osaka,Katano,2023,12
Japan,Osaka,Kawachinagano,2023,12
Japan,Osaka,Kishiwada,2023,12
Japan,Osaka,Minoo,2023,12
Japan,Osaka,Moriguchi,2023,12
Japan,Osaka,Neyagawa,2023,12
Japan,Osaka,Osaka,2023,12
Japan,Osaka,Osakasayama,2023,12
Japan,Osaka,Sakai,2023,12
Japan,Osaka,Settsu,2023,12
Japan,Osaka,Shijonawate,2023,12
Japan,Osaka,Suita,2023,12
Japan,Osaka,Taishi,2023,12
Japan,Osaka,Tajiri,2023,12
Japan,Osaka,Takaishi,2023,12
Japan,Osaka,Takatsuki,2023,12
Japan,Osaka,Tondabayashi,2023,12
Japan,Osaka,Toyonaka,2023,12
Japan,Osaka,Yao,2023,12
Japan,Saga,Arita,2023,12
Japan,Saga,Imari,2023,12
Japan,Saga,Kanzaki,2023,12
Japan,Saga,Karatsu,2023,12
Japan,Saga,Kashima,2023,12
Japan,Saga,Ogi,2023,12
Japan,Saga,Saga,2023,12
Japan,Saga,Takeo,2023,12
Japan,Saga,Taku,2023,12
Japan,Saga,Tosu,2023,12
Japan,Saga,Ureshino,2023,12
Japan,Saitama,Ageo,2023,12
Japan,Saitama,Asaka,2023,12
Japan,Saitama,Chichibu,2023,12
Japan,Saitama,Fujimi,2023,12
Japan,Saitama,Fujimino,2023,12
Japan,Saitama,Fukaya,2023,12
Japan,Saitama,Gyoda,2023,12
Japan,Saitama,Hanno,2023,12
Japan,Saitama,Hanyu,2023,12
Japan,Saitama,Hasuda,2023,12
Japan,Saitama,Hatogaya,2023,12
Japan,Saitama,Hidaka,2023,12
Japan,Saitama,Higashimatsuyama,2023,12
Japan,Saitama,Honjo,2023,12
Japan,Saitama,Iruma,2023,12
Japan,Saitama,Kasukabe,2023,12
Japan,Saitama,Kawagoe,2023,12
Japan,Saitama,Kawaguchi,2023,12
Japan,Saitama,Kazo,2023,12
Japan,Saitama,Kisai,2023,12
Japan,Saitama,Kitamoto,2023,12
Japan,Saitama,Konosu,2023,12
Japan,Saitama,Koshigaya,2023,12
Japan,Saitama,Kuki,2023,12
Japan,Saitama,Kumagaya,2023,12
Japan,Saitama,Kurihashi,2023,12
Japan,Saitama,Matsubushi,2023,12
Japan,Saitama,Minano,2023,12
Japan,Saitama,Misato City,2023,12
Japan,Saitama,Miyashiro,2023,12
Japan,Saitama,Moroyama,2023,12
Japan,Saitama,Nagatoro,2023,12
Japan,Saitama,Ogano,2023,12
Japan,Saitama,Ogawa,2023,12
Japan,Saitama,Ogose,2023,12
Japan,Saitama,Okegawa,2023,12
Japan,Saitama,Saitama,2023,12
Japan,Saitama,Sakado,2023,12
Japan,Saitama,Satte,2023,12
Japan,Saitama,Sayama,2023,12
Japan,Saitama,Shiki,2023,12
Japan,Saitama,Shiraoka,2023,12
Japan,Saitama,Shobu,2023,12
Japan,Saitama,Soka,2023,12
Japan,Saitama,Toda,2023,12
Japan,Saitama,Tokorozawa,2023,12
Japan,Saitama,Wako,2023,12
Japan,Saitama,Warabi,2023,12
Japan,Saitama,Yashio,2023,12
Japan,Saitama,Yorii,2023,12
Japan,Saitama,Yoshikawa,2023,12
Japan,Shiga,Higashiomi,2023,12
Japan,Shiga,Hikone,2023,12
Japan,Shiga,Hino,2023,12
Japan,Shiga,Koka,2023,12
Japan,Shiga,Konan,2023,12
Japan,Shiga,Kusatsu,2023,12
Japan,Shiga,Maibara,2023,12
Japan,Shiga,Moriyama,2023,12
Japan,Shiga,Nagahama,2023,12
Japan,Shiga,Omihachiman,2023,12
Japan,Shiga,Otsu,2023,12
Japan,Shiga,Ritto,2023,12
Japan,Shiga,Takashima,2023,12
Japan,Shiga,Yasu,2023,12
Japan,Shimane,Ama,2023,12
Japan,Shimane,Gotsu,2023,12
Japan,Shimane,Hamada,2023,12
Japan,Shimane,Izumo,2023,12
Japan,Shimane,Kawamoto,2023,12
Japan,Shimane,Masuda,2023,12
Japan,Shimane,Matsue,2023,12
Japan,Shimane,Oda,2023,12
Japan,Shimane,Okuizumo,2023,12
Japan,Shimane,Unnan,2023,12
Japan,Shimane,Yasugi,2023,12
Japan,Shizuoka,Arai,2023,12
Japan,Shizuoka,Atami,2023,12
Japan,Shizuoka,Fuji,2023,12
Japan,Shizuoka,Fujieda,2023,12
Japan,Shizuoka,Fujinomiya,2023,12
Japan,Shizuoka,Fukuroi,2023,12
Japan,Shizuoka,Gotemba,2023,12
Japan,Shizuoka,Hamamatsu,2023,12
Japan,Shizuoka,Ito,2023,12
Japan,Shizuoka,Iwata,2023,12
Japan,Shizuoka,Izu,2023,12
Japan,Shizuoka,Izunokuni,2023,12
Japan,Shizuoka,Kakegawa,2023,12
Japan,Shizuoka,Kikugawa,2023,12
Japan,Shizuoka,Kosai,2023,12
Japan,Shizuoka,Makinohara,2023,12
Japan,Shizuoka,Matsuzaki,2023,12
Japan,Shizuoka,Mishima,2023,12
Japan,Shizuoka,Mori,2023,12
Japan,Shizuoka,Numazu,2023,12
Japan,Shizuoka,Omaezaki,2023,12
Japan,Shizuoka,Shimada,2023,12
Japan,Shizuoka,Shimizu,2023,12
Japan,Shizuoka,Shimoda,2023,12
Japan,Shizuoka,Shizuoka,2023,12
Japan,Shizuoka,Susono,2023,12
Japan,Shizuoka,Unknown7,2023,12
Japan,Shizuoka,Yaizu,2023,12
Japan,Tochigi,Ashikaga,2023,12
Japan,Tochigi,Fujioka,2023,12
Japan,Tochigi,Kaminokawa,2023,12
Japan,Tochigi,Kanuma,2023,12
Japan,Tochigi,Mashiko,2023,12
Japan,Tochigi,Mibu,2023,12
Japan,Tochigi,Moka,2023,12
Japan,Tochigi,Motegi,2023,12
Japan,Tochigi,Nasu,2023,12
Japan,Tochigi,Nasukarasuyama,2023,12
Japan,Tochigi,Nasushiobara,2023,12
Japan,Tochigi,Nikko,2023,12
Japan,Tochigi,Otawara,2023,12
Japan,Tochigi,Oyama,2023,12
Japan,Tochigi,Sakura,2023,12
Japan,Tochigi,Sano,2023,12
Japan,Tochigi,Shimotsuke,2023,12
Japan,Tochigi,Tochigi,2023,12
Japan,Tochigi,Utsunomiya,2023,12
Japan,Tochigi,Yaita,2023,12
Japan,Tokushima,Anan,2023,12
Japan,Tokushima,Awa,2023,12
Japan,Tokushima,Ishii,2023,12
Japan,Tokushima,Kaiyo,2023,12
Japan,Tokushima,Kamiita,2023,12
Japan,Tokushima,Komatsushima,2023,12
Japan,Tokushima,Mima,2023,12
Japan,Tokushima,Miyoshi,2023,12
Japan,Tokushima,Naruto,2023,12
Japan,Tokushima,Tokushima,2023,12
Japan,Tokushima,Yoshinogawa,2023,12
Japan,Tokyo,Adachi,2023,12
Japan,Tokyo,Akiruno,2023,12
Japan,Tokyo,Akishima,2023,12
Japan,Tokyo,Arakawa,2023,12
Japan,Tokyo,Bunkyo,2023,12
Japan,Tokyo,Chiyoda,2023,12
Japan,Tokyo,Chofu,2023,12
Japan,Tokyo,Chuo,2023,12
Japan,Tokyo,Edogawa,2023,12
Japan,Tokyo,Fuchu,2023,12
Japan,Tokyo,Fussa,2023,12
Japan,Tokyo,Hachioji,2023,12
Japan,Tokyo,Hamura,2023,12
Japan,Tokyo,Higashikurume,2023,12
Japan,Tokyo,Higashimurayama,2023,12
Japan,Tokyo,Higashiyamato,2023,12
Japan,Tokyo,Hino,2023,12
Japan,Tokyo,Inagi,2023,12
Japan,Tokyo,Itabashi,2023,12
Japan,Tokyo,Katsushika,2023,12
Japan,Tokyo,Kita,2023,12
Japan,Tokyo,Kiyose,2023,12
Japan,Tokyo,Kodaira,2023,12
Japan,Tokyo,Koganei,2023,12
Japan,Tokyo,Kokubunji,2023,12
Japan,Tokyo,Komae,2023,12
Japan,Tokyo,Koto,2023,12
Japan,Tokyo,Kunitachi,2023,12
Japan,Tokyo,Machida,2023,12
Japan,Tokyo,Meguro,2023,12
Japan,Tokyo,Minato,2023,12
Japan,Tokyo,Mitaka,2023,12
Japan,Tokyo,Musashino,2023,12
Japan,Tokyo,Nakano,2023,12
Japan,Tokyo,Nerima,2023,12
Japan,Tokyo,Nishitokyo,2023,12
Japan,Tokyo,Ome,2023,12
Japan,Tokyo,Ota,2023,12
Japan,Tokyo,Setagaya,2023,12
Japan,Tokyo,Shibuya,2023,12
Japan,Tokyo,Shinagawa,2023,12
Japan,Tokyo,Shinjuku,2023,12
Japan,Tokyo,Suginami,2023,12
Japan,Tokyo,Sumida,2023,12
Japan,Tokyo,Tachikawa,2023,12
Japan,Tokyo,Taito,2023,12
Japan,Tokyo,Tama,2023,12
Japan,Tokyo,Toshima,2023,12
Japan,Tottori,Chizu,2023,12
Japan,Tottori,Hokuei,2023,12
Japan,Tottori,Kurayoshi,2023,12
Japan,Tottori,Misasa,2023,12
Japan,Tottori,Tottori,2023,12
Japan,Tottori,Wakasa,2023,12
Japan,Tottori,Yonago,2023,12
Japan,Toyama,Himi,2023,12
Japan,Toyama,Imizu,2023,12
Japan,Toyama,Kamiichi,2023,12
Japan,Toyama,Kurobe,2023,12
Japan,Toyama,Namerikawa,2023,12
Japan,Toyama,Nanto,2023,12
Japan,Toyama,Nyuzen,2023,12
Japan,Toyama,Oyabe,2023,12
Japan,Toyama,Takaoka,2023,12
Japan,Toyama,Tonami,2023,12
Japan,Toyama,Toyama,2023,12
Japan,Toyama,Uozu,2023,12
Japan,Wakayama,Arida,2023,12
Japan,Wakayama,Gobo,2023,12
Japan,Wakayama,Hashimoto,2023,12
Japan,Wakayama,Iwade,2023,12
Japan,Wakayama,Kainan,2023,12
Japan,Wakayama,Kinokawa,2023,12
Japan,Wakayama,Koya,2023,12
Japan,Wakayama,Kushimoto,2023,12
Japan,Wakayama,Kyotanabe,2023,12
Japan,Wakayama,Minabe,2023,12
Japan,Wakayama,Shingu,2023,12
Japan,Wakayama,Shirahama,2023,12
Japan,Wakayama,Wakayama,2023,12
Japan,Wakayama,Yuasa,2023,12
Japan,Yamagata,Higashine,2023,12
Japan,Yamagata,Kaminoyama,2023,12
Japan,Yamagata,Kaneyama,2023,12
Japan,Yamagata,Murayama,2023,12
Japan,Yamagata,Nagai,2023,12
Japan,Yamagata,Obanazawa,2023,12
Japan,Yamagata,Oguni,2023,12
Japan,Yamagata,Sagae,2023,12
Japan,Yamagata,Sakata,2023,12
Japan,Yamagata,Shinjo,2023,12
Japan,Yamagata,Shonai,2023,12
Japan,Yamagata,Takahata,2023,12
Japan,Yamagata,Tendo,2023,12
Japan,Yamagata,Tsuruoka,2023,12
Japan,Yamagata,Yamagata,2023,12
Japan,Yamagata,Yonezawa,2023,12
Japan,Yamagata,Yuza,2023,12
Japan,Yamaguchi,Abu,2023,12
Japan,Yamaguchi,Hagi,2023,12
Japan,Yamaguchi,Hikari,2023,12
Japan,Yamaguchi,Hofu,2023,12
Japan,Yamaguchi,Iwakuni,2023,12
Japan,Yamaguchi,Kudamatsu,2023,12
Japan,Yamaguchi,Mine,2023,12
Japan,Yamaguchi,Nagato,2023,12
Japan,Yamaguchi,San'yo-Onoda,2023,12
Japan,Yamaguchi,Shimonoseki,2023,12
Japan,Yamaguchi,Shunan,2023,12
Japan,Yamaguchi,Ube,2023,12
Japan,Yamaguchi,Waki,2023,12
Japan,Yamaguchi,Yamaguchi,2023,12
Japan,Yamaguchi,Yanai,2023,12
Japan,Yamanashi,Fuefuki,2023,12
Japan,Yamanashi,Fujikawaguchiko,2023,12
Japan,Yamanashi,Fujiyoshida,2023,12
Japan,Yamanashi,Hayakawa,2023,12
Japan,Yamanashi,Hokuto,2023,12
Japan,Yamanashi,Kai,2023,12
Japan,Yamanashi,Kofu,2023,12
Japan,Yamanashi,Koshu,2023,12
Japan,Yamanashi,Minami-Alps,2023,12
Japan,Yamanashi,Nanbu,2023,12
Japan,Yamanashi,Nirasaki,2023,12
Japan,Yamanashi,Oshino,2023,12
Japan,Yamanashi,Otsuki,2023,12
Japan,Yamanashi,Tsuru,2023,12
Japan,Yamanashi,Uenohara,2023,12
Japan,Yamanashi,Yamanashi,2023,12
